------------------------------------------------------------------------------------------------------------------------

INSERT INTO ACTION_GROUP (ID, NAME) VALUES (-1, 'ALL_DOCUMENT');

INSERT INTO ACTION (ID, NAME) VALUES (-7, 'CREATE_DOCUMENT');
INSERT INTO ACTION_ACTION_GROUP_LINK (ID, ACTION_ID, ACTION_GROUP_ID) VALUES (-1, -7, -1);

INSERT INTO ACTION (ID, NAME) VALUES (-8, 'MOVE_DOCUMENT');
INSERT INTO ACTION_ACTION_GROUP_LINK (ID, ACTION_ID, ACTION_GROUP_ID) VALUES (-2, -8, -1);

INSERT INTO ACTION (ID, NAME) VALUES (-9, 'LINK_DOCUMENT');
INSERT INTO ACTION_ACTION_GROUP_LINK (ID, ACTION_ID, ACTION_GROUP_ID) VALUES (-3, -9, -1);

INSERT INTO ACTION (ID, NAME) VALUES (-10, 'CHANGE_DOCUMENT');
INSERT INTO ACTION_ACTION_GROUP_LINK (ID, ACTION_ID, ACTION_GROUP_ID) VALUES (-4, -10, -1);

INSERT INTO ACTION (ID, NAME) VALUES (-11, 'DELETE_DOCUMENT');
INSERT INTO ACTION_ACTION_GROUP_LINK (ID, ACTION_ID, ACTION_GROUP_ID) VALUES (-5, -11, -1);

INSERT INTO ACTION (ID, NAME) VALUES (-12, 'VIEW_PROPERTY');
INSERT INTO ACTION_ACTION_GROUP_LINK (ID, ACTION_ID, ACTION_GROUP_ID) VALUES (-6, -12, -1);

INSERT INTO ACTION (ID, NAME) VALUES (-13, 'ADD_PROPERTY');
INSERT INTO ACTION_ACTION_GROUP_LINK (ID, ACTION_ID, ACTION_GROUP_ID) VALUES (-7, -13, -1);

INSERT INTO ACTION (ID, NAME) VALUES (-14, 'CHANGE_PROPERTY');
INSERT INTO ACTION_ACTION_GROUP_LINK (ID, ACTION_ID, ACTION_GROUP_ID) VALUES (-8, -14, -1);

INSERT INTO ACTION (ID, NAME) VALUES (-15, 'DELETE_PROPERTY');
INSERT INTO ACTION_ACTION_GROUP_LINK (ID, ACTION_ID, ACTION_GROUP_ID) VALUES (-9, -15, -1);

INSERT INTO ACTION (ID, NAME) VALUES (-16, 'VIEW_FILE');
INSERT INTO ACTION_ACTION_GROUP_LINK (ID, ACTION_ID, ACTION_GROUP_ID) VALUES (-10, -16, -1);

INSERT INTO ACTION (ID, NAME) VALUES (-17, 'CHANGE_FILE');
INSERT INTO ACTION_ACTION_GROUP_LINK (ID, ACTION_ID, ACTION_GROUP_ID) VALUES (-11, -17, -1);

INSERT INTO ACTION (ID, NAME) VALUES (-18, 'ADD_FILE');
INSERT INTO ACTION_ACTION_GROUP_LINK (ID, ACTION_ID, ACTION_GROUP_ID) VALUES (-12, -18, -1);

INSERT INTO ACTION (ID, NAME) VALUES (-19, 'DELETE_FILE');
INSERT INTO ACTION_ACTION_GROUP_LINK (ID, ACTION_ID, ACTION_GROUP_ID) VALUES (-13, -19, -1);

------------------------------------------------------------------------------------------------------------------------

INSERT INTO ACTION_GROUP (ID, NAME) VALUES (-20, 'ALL_FOLDER');

INSERT INTO ACTION (ID, NAME) VALUES (-21, 'CREATE_FOLDER');
INSERT INTO ACTION_ACTION_GROUP_LINK (ID, ACTION_ID, ACTION_GROUP_ID) VALUES (-14, -21, -20);

INSERT INTO ACTION (ID, NAME) VALUES (-22, 'MOVE_FOLDER');
INSERT INTO ACTION_ACTION_GROUP_LINK (ID, ACTION_ID, ACTION_GROUP_ID) VALUES (-34, -22, -20);

INSERT INTO ACTION (ID, NAME) VALUES (-23, 'LINK_FOLDER');
INSERT INTO ACTION_ACTION_GROUP_LINK (ID, ACTION_ID, ACTION_GROUP_ID) VALUES (-15, -23, -20);

INSERT INTO ACTION (ID, NAME) VALUES (-24, 'CHANGE_FOLDER');
INSERT INTO ACTION_ACTION_GROUP_LINK (ID, ACTION_ID, ACTION_GROUP_ID) VALUES (-16, -24, -20);

INSERT INTO ACTION (ID, NAME) VALUES (-25, 'DELETE_FOLDER');
INSERT INTO ACTION_ACTION_GROUP_LINK (ID, ACTION_ID, ACTION_GROUP_ID) VALUES (-17, -25, -20);

INSERT INTO ACTION (ID, NAME) VALUES (-26, 'VIEW_FOLDER');
INSERT INTO ACTION_ACTION_GROUP_LINK (ID, ACTION_ID, ACTION_GROUP_ID) VALUES (-18, -26, -20);

------------------------------------------------------------------------------------------------------------------------

INSERT INTO ACTION_GROUP (ID, NAME) VALUES (-30, 'ALL_CATEGORY');

INSERT INTO ACTION (ID, NAME) VALUES (-31, 'CREATE_CATEGORY');
INSERT INTO ACTION_ACTION_GROUP_LINK (ID, ACTION_ID, ACTION_GROUP_ID) VALUES (-19, -31, -30);

INSERT INTO ACTION (ID, NAME) VALUES (-32, 'CHANGE_CATEGORY');
INSERT INTO ACTION_ACTION_GROUP_LINK (ID, ACTION_ID, ACTION_GROUP_ID) VALUES (-20, -32, -30);

INSERT INTO ACTION (ID, NAME) VALUES (-33, 'DELETE_CATEGORY');
INSERT INTO ACTION_ACTION_GROUP_LINK (ID, ACTION_ID, ACTION_GROUP_ID) VALUES (-21, -33, -30);

------------------------------------------------------------------------------------------------------------------------

INSERT INTO ACTION_GROUP (ID, NAME) VALUES (-40, 'ALL_PROFILE');

INSERT INTO ACTION (ID, NAME) VALUES (-41, 'CREATE_PROFILE');
INSERT INTO ACTION_ACTION_GROUP_LINK (ID, ACTION_ID, ACTION_GROUP_ID) VALUES (-22, -41, -40);

INSERT INTO ACTION (ID, NAME) VALUES (-42, 'CHANGE_PROFILE');
INSERT INTO ACTION_ACTION_GROUP_LINK (ID, ACTION_ID, ACTION_GROUP_ID) VALUES (-23, -42, -40);

INSERT INTO ACTION (ID, NAME) VALUES (-43, 'DELETE_PROFILE');
INSERT INTO ACTION_ACTION_GROUP_LINK (ID, ACTION_ID, ACTION_GROUP_ID) VALUES (-24, -43, -40);

------------------------------------------------------------------------------------------------------------------------

INSERT INTO ACTION_GROUP (ID, NAME) VALUES (-50, 'ALL_USER');

INSERT INTO ACTION (ID, NAME) VALUES (-51, 'CREATE_USER');
INSERT INTO ACTION_ACTION_GROUP_LINK (ID, ACTION_ID, ACTION_GROUP_ID) VALUES (-25, -51, -50);

INSERT INTO ACTION (ID, NAME) VALUES (-52, 'CHANGE_USER');
INSERT INTO ACTION_ACTION_GROUP_LINK (ID, ACTION_ID, ACTION_GROUP_ID) VALUES (-26, -52, -50);

INSERT INTO ACTION (ID, NAME) VALUES (-53, 'DELETE_USER');
INSERT INTO ACTION_ACTION_GROUP_LINK (ID, ACTION_ID, ACTION_GROUP_ID) VALUES (-27, -53, -50);

INSERT INTO ACTION (ID, NAME) VALUES (-54, 'CHANGE_PASSWORD');
INSERT INTO ACTION_ACTION_GROUP_LINK (ID, ACTION_ID, ACTION_GROUP_ID) VALUES (-28, -54, -50);

------------------------------------------------------------------------------------------------------------------------

INSERT INTO ACTION_GROUP (ID, NAME) VALUES (-60, 'ALL_DEPARTMENT');

INSERT INTO ACTION (ID, NAME) VALUES (-61, 'CREATE_DEPARTMENT');
INSERT INTO ACTION_ACTION_GROUP_LINK (ID, ACTION_ID, ACTION_GROUP_ID) VALUES (-29, -61, -60);

INSERT INTO ACTION (ID, NAME) VALUES (-62, 'CHANGE_DEPARTMENT');
INSERT INTO ACTION_ACTION_GROUP_LINK (ID, ACTION_ID, ACTION_GROUP_ID) VALUES (-30, -62, -60);

INSERT INTO ACTION (ID, NAME) VALUES (-63, 'DELETE_DEPARTMENT');
INSERT INTO ACTION_ACTION_GROUP_LINK (ID, ACTION_ID, ACTION_GROUP_ID) VALUES (-31, -63, -60);

------------------------------------------------------------------------------------------------------------------------

INSERT INTO ACTION_GROUP (ID, NAME) VALUES (-70, 'ALL_TAG');

INSERT INTO ACTION (ID, NAME) VALUES (-71, 'CREATE_TAG');
INSERT INTO ACTION_ACTION_GROUP_LINK (ID, ACTION_ID, ACTION_GROUP_ID) VALUES (-32, -71, -70);

INSERT INTO ACTION (ID, NAME) VALUES (-72, 'CHANGE_TAG');
INSERT INTO ACTION_ACTION_GROUP_LINK (ID, ACTION_ID, ACTION_GROUP_ID) VALUES (-33, -72, -70);

INSERT INTO ACTION (ID, NAME) VALUES (-73, 'DELETE_TAG');
INSERT INTO ACTION_ACTION_GROUP_LINK (ID, ACTION_ID, ACTION_GROUP_ID) VALUES (-35, -73, -70);


